{
  "galaxy": "NGC 2403",
  "created_utc": "2025-08-13T07:18:44.547010Z",
  "best_fit": {
    "a0_m_s2": 1.775e-10,
    "Upsilon_disk": 0.41666666666666674,
    "Upsilon_bulge": 0.0,
    "chi2": 38.98621896743549,
    "chi2_red": 0.5569459852490785,
    "dof": 70,
    "one_sigma_box": {
      "a0_m_s2": [
        1.6000000000000002e-10,
        1.9000000000000002e-10
      ],
      "Upsilon_disk": [
        0.4,
        0.45000000000000007
      ],
      "Upsilon_bulge": [
        0.0,
        0.4
      ]
    },
    "rms_km_s": 3.664110943823206,
    "max_abs_km_s": 7.284675774625896
  },
  "curves": {
    "R_kpc": [
      0.16,
      0.26,
      0.36,
      0.46,
      0.56,
      0.66,
      0.76,
      0.86,
      0.96,
      1.06,
      1.16,
      1.27,
      1.36,
      1.47,
      1.57,
      1.67,
      1.77,
      1.87,
      1.97,
      2.08,
      2.18,
      2.28,
      2.37,
      2.47,
      2.57,
      2.68,
      2.78,
      2.88,
      2.98,
      3.08,
      3.19,
      3.29,
      3.39,
      3.49,
      3.59,
      3.69,
      3.79,
      3.9,
      3.99,
      4.47,
      4.97,
      5.47,
      5.96,
      6.46,
      6.96,
      7.45,
      7.95,
      8.45,
      8.94,
      9.44,
      9.94,
      10.43,
      10.93,
      11.43,
      11.92,
      12.42,
      12.92,
      13.42,
      13.91,
      14.41,
      14.91,
      15.4,
      15.9,
      16.4,
      16.89,
      17.39,
      17.89,
      18.38,
      18.88,
      19.38,
      19.87,
      20.37,
      20.87
    ],
    "V_obs_km_s": [
      24.5,
      35.3,
      43.2,
      52.0,
      60.9,
      65.8,
      71.7,
      74.6,
      74.6,
      76.6,
      78.5,
      83.4,
      86.4,
      87.4,
      90.3,
      93.3,
      93.3,
      95.2,
      97.2,
      99.1,
      98.2,
      98.2,
      98.2,
      97.2,
      98.2,
      98.2,
      98.2,
      99.1,
      100.0,
      102.0,
      101.0,
      101.0,
      103.0,
      107.0,
      110.0,
      112.0,
      114.0,
      118.0,
      118.0,
      118.0,
      121.0,
      124.0,
      125.0,
      126.0,
      126.0,
      126.0,
      126.0,
      127.0,
      128.0,
      128.0,
      127.0,
      127.0,
      128.0,
      130.0,
      130.0,
      132.0,
      133.0,
      133.0,
      133.0,
      133.0,
      134.0,
      134.0,
      133.0,
      134.0,
      134.0,
      136.0,
      136.0,
      135.0,
      133.0,
      134.0,
      136.0,
      135.0,
      134.0
    ],
    "eV_km_s": [
      2.83,
      2.46,
      1.12,
      1.25,
      2.93,
      1.25,
      1.25,
      1.6,
      1.03,
      1.12,
      1.6,
      1.8,
      1.6,
      1.41,
      1.41,
      1.6,
      1.41,
      1.25,
      1.6,
      2.02,
      2.02,
      1.6,
      1.0,
      1.12,
      1.41,
      1.12,
      1.6,
      2.69,
      2.69,
      3.16,
      3.4,
      3.4,
      2.93,
      2.46,
      2.46,
      3.4,
      5.1,
      5.1,
      4.85,
      5.36,
      2.57,
      0.22,
      0.88,
      0.45,
      0.55,
      0.45,
      0.24,
      1.45,
      1.12,
      1.68,
      2.56,
      1.24,
      0.21,
      1.13,
      2.23,
      2.68,
      2.68,
      3.37,
      3.81,
      2.56,
      0.56,
      0.79,
      0.67,
      2.35,
      4.13,
      3.91,
      6.38,
      8.39,
      7.83,
      6.26,
      5.6,
      5.24,
      3.12
    ],
    "V_newton_baryons_km_s": [
      14.981990577579026,
      22.805416936918007,
      30.37973735348393,
      36.65837921494439,
      41.2479289379075,
      43.71285852011969,
      45.84240367825405,
      47.1360696989754,
      48.495282674366045,
      49.97218793155516,
      51.51711244819531,
      53.296366355190365,
      55.26527066491819,
      57.05651379699488,
      58.896158123146435,
      60.98085163940126,
      62.85160751060125,
      64.38000834886557,
      65.81957358314219,
      67.36189680870534,
      68.85277729813568,
      69.30529302778156,
      68.98884795143826,
      68.6427190239431,
      68.3934614321184,
      68.023570486021,
      67.73737889821247,
      67.48704739923556,
      67.35008735455855,
      67.41477409786869,
      67.50828572602528,
      67.85986203198472,
      68.30668098119442,
      68.70000485201342,
      68.88530787959554,
      69.28852911317044,
      69.4555107604861,
      69.42524804901073,
      69.35920228539733,
      69.17942932452296,
      68.54680347519255,
      67.66102841863008,
      66.35338756737795,
      64.99405742065963,
      64.14904630364093,
      63.439737284029384,
      62.81528297317461,
      62.500916526613175,
      62.3283317734934,
      62.16741060770239,
      61.88251018394993,
      61.944423814147044,
      61.90056253110037,
      61.70129874375958,
      61.31909877843933,
      61.071193427561795,
      60.72765329732412,
      60.04306405961197,
      59.20465071822202,
      58.51217964378585,
      57.85797244114246,
      57.150407697583404,
      56.38029479939482,
      55.57037969998046,
      54.60944645083547,
      53.73981089471752,
      52.80253371445983,
      51.900920672630335,
      50.991774500076644,
      50.406716483685656,
      50.15892683926428,
      49.9132203596068,
      49.70044206711512
    ],
    "V_chiDM_best_km_s": [
      23.868810638049364,
      34.045107969604366,
      43.44195157202605,
      51.29131083796397,
      57.34408623620265,
      61.25242825502053,
      64.7265941672417,
      67.3153242253741,
      69.88408710675075,
      72.49652343959872,
      75.11618560391466,
      78.01702495143618,
      80.84174065439181,
      83.66528215621423,
      86.3981794773885,
      89.33455858002783,
      92.03866019632528,
      94.39023673729467,
      96.63330060539168,
      99.03610005996028,
      101.2842083346392,
      102.51924587714252,
      102.91825981423165,
      103.34501767122703,
      103.84391026841489,
      104.27654778412956,
      104.69835746067899,
      105.13724005043122,
      105.67077238026147,
      106.38806594863455,
      107.18378376138644,
      108.15855126964246,
      109.217253200602,
      110.21281889267014,
      110.99130430756112,
      111.97771213962196,
      112.71890670582492,
      113.30879308247053,
      113.74111009687783,
      116.09766510851323,
      117.89901965045523,
      119.25581666463188,
      119.95920909277518,
      120.49338934515949,
      121.45034688410794,
      122.4099474287138,
      123.40229441669989,
      124.66026868615847,
      125.9784331770261,
      127.27825678185387,
      128.37473127530686,
      129.7986960938698,
      131.0796566296853,
      132.1304865252901,
      132.89175353101027,
      133.79843309402148,
      134.54839423256735,
      134.83528329128563,
      134.86244769527008,
      135.05137042731613,
      135.24873906566813,
      135.3187701433006,
      135.28887851262652,
      135.1675430726707,
      134.78653790705255,
      134.50617855064235,
      134.0942737936944,
      133.67548489756877,
      133.22522507166966,
      133.19910636886587,
      133.6143579945193,
      134.0300467951927,
      134.47582455001702
    ]
  },
  "anchors": [
    {
      "R_kpc": 0.5,
      "V_obs": 55.559999999999995,
      "V_bary": 38.494199104129635,
      "V_chiDM": 53.71242099725944
    },
    {
      "R_kpc": 4.574,
      "V_obs": 118.624,
      "V_bary": 69.04784314786224,
      "V_chiDM": 116.47234685323717
    },
    {
      "R_kpc": 8.648,
      "V_obs": 127.40408163265306,
      "V_bary": 62.431178197801515,
      "V_chiDM": 125.19291474573356
    },
    {
      "R_kpc": 12.722,
      "V_obs": 132.60399999999998,
      "V_bary": 60.86369518889824,
      "V_chiDM": 134.25140962170317
    },
    {
      "R_kpc": 16.796,
      "V_obs": 134.0,
      "V_bary": 54.79378874761022,
      "V_chiDM": 134.85962869392623
    },
    {
      "R_kpc": 20.87,
      "V_obs": 134.0,
      "V_bary": 49.70044206711512,
      "V_chiDM": 134.47582455001702
    }
  ]
}