{
  "galaxy": "NGC 3198",
  "created_utc": "2025-08-13T07:18:41.674716Z",
  "best_fit": {
    "a0_m_s2": 7e-11,
    "Upsilon_disk": 0.6300000000000001,
    "Upsilon_bulge": 0.0,
    "chi2": 25.793316014474527,
    "chi2_red": 0.6448329003618631,
    "dof": 40,
    "one_sigma_box": {
      "a0_m_s2": [
        6.25e-11,
        7.749999999999999e-11
      ],
      "Upsilon_disk": [
        0.585,
        0.675
      ],
      "Upsilon_bulge": [
        0.0,
        0.6
      ]
    },
    "rms_km_s": 8.850399108690688,
    "max_abs_km_s": 31.16533244288501
  },
  "curves": {
    "R_kpc": [
      0.32,
      0.64,
      0.96,
      1.28,
      1.61,
      1.93,
      2.24,
      2.57,
      2.89,
      3.21,
      3.54,
      3.85,
      4.17,
      4.5,
      4.82,
      5.15,
      5.46,
      5.78,
      6.1,
      6.43,
      6.74,
      7.06,
      8.04,
      9.04,
      10.04,
      11.04,
      12.05,
      14.05,
      16.07,
      18.13,
      20.05,
      22.12,
      24.03,
      26.1,
      28.16,
      30.08,
      32.14,
      34.06,
      36.12,
      38.19,
      40.1,
      42.17,
      44.08
    ],
    "V_obs_km_s": [
      24.4,
      43.3,
      45.5,
      58.5,
      68.8,
      76.9,
      82.0,
      86.9,
      97.6,
      100.0,
      107.0,
      113.0,
      117.0,
      119.0,
      127.0,
      132.0,
      134.0,
      137.0,
      140.0,
      142.0,
      144.0,
      146.0,
      147.0,
      148.0,
      152.0,
      155.0,
      156.0,
      157.0,
      153.0,
      153.0,
      154.0,
      153.0,
      150.0,
      149.0,
      148.0,
      146.0,
      147.0,
      148.0,
      148.0,
      149.0,
      150.0,
      150.0,
      149.0
    ],
    "eV_km_s": [
      35.9,
      16.3,
      16.1,
      15.4,
      7.61,
      10.3,
      8.09,
      7.6,
      3.03,
      5.31,
      7.51,
      7.32,
      5.21,
      5.67,
      5.39,
      4.34,
      2.36,
      0.89,
      2.84,
      0.88,
      1.23,
      1.57,
      3.0,
      3.0,
      2.0,
      2.0,
      2.0,
      2.0,
      2.0,
      2.0,
      2.0,
      2.0,
      2.0,
      2.0,
      2.0,
      2.0,
      2.0,
      2.0,
      2.0,
      2.0,
      2.0,
      3.0,
      3.0
    ],
    "V_newton_baryons_km_s": [
      50.226942889250196,
      58.46581247190532,
      62.68843156436442,
      65.64202312543392,
      66.8477209185175,
      66.0141598977068,
      69.08745695131644,
      70.5765187792654,
      70.64016104171904,
      74.46810554190297,
      80.34183089773347,
      86.14376917107819,
      91.6958192231249,
      95.70110115876412,
      99.65665071634709,
      102.88433894427277,
      105.92679913506309,
      108.62216935322182,
      111.05689939395931,
      113.08876281487917,
      113.57452096311039,
      112.60554856666701,
      108.93273801754918,
      105.726042595947,
      104.39730216820739,
      104.1242450488838,
      103.66876266262659,
      99.89414933818698,
      93.30290987959594,
      88.68584949133655,
      86.26119463582684,
      83.40193983355543,
      80.7247921459077,
      78.84282660458085,
      77.45884564076592,
      75.47695268755888,
      73.26489013845581,
      71.94247565242664,
      71.22705786426954,
      70.5629237135197,
      70.02151475082499,
      70.01827761377739,
      68.4219807298795
    ],
    "V_chiDM_best_km_s": [
      55.56533244288501,
      66.89055357324034,
      73.69141827359815,
      78.88711361366596,
      82.25287673132758,
      83.46170987213138,
      88.04606000775425,
      91.15299514850216,
      92.78192705581947,
      97.80205356953233,
      104.68340463704416,
      111.34688968100691,
      117.76580648248436,
      122.74793553827601,
      127.60048589991717,
      131.778961305774,
      135.67905292081787,
      139.26258471053382,
      142.57587273166504,
      145.5222025248153,
      146.95267195718114,
      147.0463310967427,
      146.51355704269764,
      146.2346653333958,
      147.51406929155866,
      149.6302577804226,
      151.4616859958402,
      151.96281136208978,
      149.2397335973096,
      148.0466665262353,
      148.50364067467052,
      148.4486475926995,
      148.10724336921575,
      148.60820658714576,
      149.45733202770418,
      149.32140420348725,
      148.90724325579356,
      149.2382991987877,
      150.30859316299342,
      151.35474625398342,
      152.33002898904584,
      154.028658805356,
      153.56660591652084
    ]
  },
  "anchors": [
    {
      "R_kpc": 0.5,
      "V_obs": 35.03125,
      "V_bary": 54.8613070294937,
      "V_chiDM": 61.93576932870988
    },
    {
      "R_kpc": 6.4,
      "V_obs": 141.8181818181818,
      "V_bary": 112.90404795843192,
      "V_chiDM": 145.25435436180163
    },
    {
      "R_kpc": 12.3,
      "V_obs": 156.125,
      "V_bary": 103.19693599707163,
      "V_chiDM": 151.52432666662142
    },
    {
      "R_kpc": 18.2,
      "V_obs": 153.03645833333334,
      "V_bary": 88.59745061639609,
      "V_chiDM": 148.06332704206366
    },
    {
      "R_kpc": 24.1,
      "V_obs": 149.96618357487924,
      "V_bary": 80.66115079909954,
      "V_chiDM": 148.12418415436315
    },
    {
      "R_kpc": 30.0,
      "V_obs": 146.08333333333334,
      "V_bary": 75.55953156060917,
      "V_chiDM": 149.3270678628296
    }
  ]
}