{
  "galaxy": "NGC 5055",
  "created_utc": "2025-08-13T07:18:50.886786Z",
  "best_fit": {
    "a0_m_s2": 7.666666666666666e-11,
    "Upsilon_disk": 0.4,
    "Upsilon_bulge": 0.0,
    "chi2": 13.175769343431721,
    "chi2_red": 0.5270307737372688,
    "dof": 25,
    "one_sigma_box": {
      "a0_m_s2": [
        7.333333333333334e-11,
        8.333333333333333e-11
      ],
      "Upsilon_disk": [
        0.38,
        0.4
      ],
      "Upsilon_bulge": [
        0.0,
        1.0
      ]
    },
    "rms_km_s": 3.759558112627269,
    "max_abs_km_s": 8.405519562334035
  },
  "curves": {
    "R_kpc": [
      0.72,
      1.43,
      2.16,
      2.87,
      3.59,
      4.3,
      5.03,
      5.75,
      6.46,
      7.18,
      7.91,
      8.62,
      11.49,
      14.3,
      17.19,
      20.07,
      22.96,
      25.85,
      28.74,
      31.62,
      34.51,
      37.4,
      40.29,
      43.17,
      45.92,
      48.81,
      51.7,
      54.59
    ],
    "V_obs_km_s": [
      125.0,
      162.0,
      178.0,
      193.0,
      192.0,
      190.0,
      195.0,
      201.0,
      204.0,
      204.0,
      206.0,
      206.0,
      206.0,
      206.0,
      203.0,
      200.0,
      194.0,
      188.0,
      184.0,
      182.0,
      180.0,
      181.0,
      180.0,
      179.0,
      179.0,
      179.0,
      174.0,
      172.0
    ],
    "eV_km_s": [
      17.6,
      8.5,
      5.22,
      1.88,
      3.59,
      0.97,
      0.99,
      0.45,
      0.81,
      0.65,
      0.66,
      1.54,
      1.9,
      0.42,
      4.19,
      1.23,
      4.09,
      5.2,
      1.16,
      2.47,
      3.85,
      8.43,
      4.55,
      0.44,
      1.96,
      2.99,
      3.39,
      4.84
    ],
    "V_newton_baryons_km_s": [
      127.44613042379906,
      151.91709963002847,
      166.55679289659727,
      177.63584840904159,
      172.9678867882706,
      172.21757477098555,
      173.32669027013702,
      175.27838543300197,
      177.9396062151426,
      175.76476854022823,
      173.5953281629434,
      171.308223211847,
      158.7999982997481,
      149.48790339020746,
      140.09191182934154,
      128.40553274684078,
      118.35074287895283,
      110.39975208305496,
      104.94019897065185,
      100.83364716204605,
      97.8468236582057,
      93.58283571253865,
      91.20391088105816,
      89.13474384323993,
      87.84651182602528,
      85.74514073695372,
      83.4828698596305,
      80.7624452329175
    ],
    "V_chiDM_best_km_s": [
      133.40551956233404,
      161.47203803257403,
      179.30497704464796,
      193.12801919722082,
      191.88248333093676,
      194.083391768327,
      197.91126061488185,
      202.31727123568513,
      207.20282937909982,
      207.5457232780569,
      207.82541803183577,
      207.84480631380066,
      204.12706434056767,
      202.1183595274316,
      199.2970711524528,
      193.4230918799559,
      188.31170371572944,
      184.57203030204747,
      182.80519024311874,
      182.0068674160967,
      182.0750658547601,
      180.43676203247688,
      180.6152337480829,
      180.92317069497622,
      181.84656024335732,
      181.77993276079263,
      181.3498665832316,
      180.18628110016084
    ]
  },
  "anchors": [
    {
      "R_kpc": 0.72,
      "V_obs": 125.0,
      "V_bary": 127.44613042379906,
      "V_chiDM": 133.40551956233404
    },
    {
      "R_kpc": 6.576,
      "V_obs": 204.0,
      "V_bary": 177.58921570085084,
      "V_chiDM": 207.25807339615403
    },
    {
      "R_kpc": 12.432,
      "V_obs": 206.0,
      "V_bary": 155.6782924617455,
      "V_chiDM": 203.45368358114627
    },
    {
      "R_kpc": 18.288,
      "V_obs": 201.85625000000002,
      "V_bary": 135.63647980413813,
      "V_chiDM": 197.05761655481336
    },
    {
      "R_kpc": 24.144,
      "V_obs": 191.54186851211074,
      "V_bary": 115.09331273973378,
      "V_chiDM": 186.7796022202971
    },
    {
      "R_kpc": 30.0,
      "V_obs": 183.125,
      "V_bary": 103.14358255438681,
      "V_chiDM": 182.45592400629658
    }
  ]
}