{
  "galaxy": "NGC 7331",
  "created_utc": "2025-08-13T07:18:58.541930Z",
  "best_fit": {
    "a0_m_s2": 1.4666666666666665e-10,
    "Upsilon_disk": 0.34,
    "Upsilon_bulge": 0.19999999999999998,
    "chi2": 24.654114894484433,
    "chi2_red": 0.7470943907419525,
    "dof": 33,
    "one_sigma_box": {
      "a0_m_s2": [
        1.3333333333333334e-10,
        1.7e-10
      ],
      "Upsilon_disk": [
        0.28,
        0.36
      ],
      "Upsilon_bulge": [
        0.0,
        0.9749999999999999
      ]
    },
    "rms_km_s": 4.536134926808897,
    "max_abs_km_s": 9.80218876770138
  },
  "curves": {
    "R_kpc": [
      2.67,
      3.21,
      3.74,
      4.27,
      4.81,
      5.35,
      5.88,
      6.41,
      7.48,
      8.55,
      9.62,
      10.66,
      11.74,
      12.83,
      13.91,
      15.0,
      16.08,
      17.07,
      18.15,
      19.24,
      20.32,
      21.41,
      22.49,
      23.48,
      24.57,
      25.65,
      26.74,
      27.82,
      28.91,
      29.89,
      30.98,
      32.06,
      33.15,
      34.23,
      35.32,
      36.31
    ],
    "V_obs_km_s": [
      221.0,
      237.0,
      249.0,
      250.0,
      253.0,
      257.0,
      257.0,
      257.0,
      257.0,
      255.0,
      248.0,
      247.0,
      246.0,
      244.0,
      242.0,
      238.0,
      236.0,
      233.0,
      234.0,
      236.0,
      237.0,
      238.0,
      240.0,
      238.0,
      237.0,
      236.0,
      238.0,
      239.0,
      239.0,
      241.0,
      236.0,
      236.0,
      239.0,
      237.0,
      241.0,
      238.0
    ],
    "eV_km_s": [
      20.0,
      13.0,
      8.0,
      5.0,
      5.0,
      5.0,
      5.0,
      5.0,
      5.0,
      5.0,
      6.0,
      6.0,
      6.0,
      6.0,
      4.0,
      3.0,
      3.0,
      3.0,
      3.0,
      3.0,
      3.0,
      3.0,
      3.0,
      3.0,
      3.0,
      3.0,
      3.0,
      3.0,
      3.0,
      4.0,
      4.0,
      5.0,
      5.0,
      5.0,
      7.0,
      9.0
    ],
    "V_newton_baryons_km_s": [
      195.5762176748492,
      208.60536385721247,
      219.69045931491883,
      220.841573744619,
      219.5415712479074,
      220.9451978794742,
      216.9078240405357,
      213.7099931683121,
      205.13788305430083,
      192.84086124574327,
      185.7153259534603,
      179.77681103523892,
      174.1224376236446,
      170.38736031760104,
      166.65355371548486,
      162.4660500043009,
      158.82639580372026,
      156.3597196978813,
      154.97266931301144,
      154.14926590808014,
      152.6451716105033,
      149.7868225312227,
      147.0817862075383,
      144.85924176247784,
      141.39949423530481,
      138.28838547036406,
      135.59923530020367,
      132.73062513979204,
      129.6354711103408,
      126.81955607870579,
      123.86998720432646,
      121.47939792409245,
      119.62904051274506,
      117.81430378353895,
      115.73728122778763,
      113.333037442751
    ],
    "V_chiDM_best_km_s": [
      218.8592096164168,
      234.53896080998967,
      248.0699290526951,
      252.17407835775427,
      253.91387235468162,
      258.0147048250309,
      256.9332791118434,
      256.5263355443828,
      253.480842745072,
      246.65620633814294,
      244.25306587391853,
      242.539687634185,
      240.96131591515777,
      240.9644744382055,
      240.71995882787928,
      239.869469278379,
      239.32506376608103,
      239.52025034374466,
      240.87011512511538,
      242.6804410440647,
      243.68772029352593,
      243.2571196450436,
      242.8394826608519,
      242.62068634746208,
      241.23863845137248,
      240.08021471475087,
      239.27504016444428,
      238.164055141634,
      236.72880382908593,
      235.31496016786338,
      233.84592725212255,
      232.88619726249158,
      232.46697179895736,
      232.00678952389833,
      231.19781123229862,
      229.80637553811934
    ]
  },
  "anchors": [
    {
      "R_kpc": 2.67,
      "V_obs": 221.0,
      "V_bary": 195.5762176748492,
      "V_chiDM": 218.8592096164168
    },
    {
      "R_kpc": 8.136,
      "V_obs": 255.77383177570093,
      "V_bary": 197.59877435671788,
      "V_chiDM": 249.29676659278653
    },
    {
      "R_kpc": 13.602,
      "V_obs": 242.57037037037037,
      "V_bary": 167.71838004275503,
      "V_chiDM": 240.78969105749084
    },
    {
      "R_kpc": 19.068,
      "V_obs": 235.68440366972476,
      "V_bary": 154.27919745454636,
      "V_chiDM": 242.39477493575345
    },
    {
      "R_kpc": 24.534,
      "V_obs": 237.03302752293578,
      "V_bary": 141.51376112611052,
      "V_chiDM": 241.28428406995891
    },
    {
      "R_kpc": 30.0,
      "V_obs": 240.4954128440367,
      "V_bary": 126.5218931647776,
      "V_chiDM": 235.16670913966934
    }
  ]
}