{
  "schema_version": "rc_demo_v1",
  "created_utc": "2025-08-13T05:46:52.168423Z",
  "disk": {
    "M_d_Msun": 60000000000.0,
    "R_d_kpc": 3.0,
    "z0_kpc": 0.3
  },
  "grid": {
    "Nx": 128,
    "Ny": 128,
    "Nz": 32,
    "Lx_kpc": 50.0,
    "Ly_kpc": 50.0,
    "Lz_kpc": 6.0
  },
  "a0_m_s2": 1.2e-10,
  "curves": {
    "R_kpc": [
      0.7215909090909091,
      1.1647727272727273,
      1.6079545454545456,
      2.0511363636363633,
      2.494318181818182,
      2.9375,
      3.3806818181818183,
      3.8238636363636362,
      4.267045454545455,
      4.7102272727272725,
      5.153409090909091,
      5.59659090909091,
      6.039772727272728,
      6.482954545454546,
      6.926136363636364,
      7.3693181818181825,
      7.812500000000001,
      8.25568181818182,
      8.698863636363638,
      9.142045454545455,
      9.585227272727273,
      10.028409090909092,
      10.47159090909091,
      10.914772727272727,
      11.357954545454547,
      11.801136363636363,
      12.244318181818183,
      12.6875,
      13.130681818181817,
      13.573863636363637,
      14.017045454545453,
      14.460227272727273,
      14.90340909090909,
      15.34659090909091,
      15.789772727272727,
      16.232954545454547,
      16.676136363636363,
      17.11931818181818,
      17.5625,
      18.005681818181817,
      18.448863636363637,
      18.892045454545453,
      19.335227272727273,
      19.778409090909097
    ],
    "v_c_Newton_km_s": [
      62.853653090921114,
      91.19280239547685,
      114.76671469661729,
      135.63896274712087,
      153.32562312203297,
      169.22926854890375,
      182.78523579200953,
      194.44712507338147,
      204.67658077049444,
      213.68350215633407,
      221.58534130617184,
      228.28993754289885,
      234.32574510381542,
      239.24335260192672,
      243.47213681816987,
      247.06376642229088,
      250.10282158263607,
      252.88288968661655,
      254.6675237629464,
      256.5002854507255,
      257.4192270675525,
      257.96463938050715,
      258.5092827237576,
      258.4311127942425,
      258.2405238527104,
      258.1017165022739,
      257.2501247597444,
      255.89571853730897,
      254.5810326821838,
      252.97430436219898,
      251.50730188340464,
      249.28723799866486,
      247.3239725544268,
      245.07777186798302,
      242.55663069164063,
      239.64660467649784,
      236.63079850954077,
      233.50554119690733,
      230.83944207735976,
      226.6811458108638,
      223.61759355313725,
      220.0901499691548,
      214.051570000264,
      210.92082169579842
    ],
    "v_c_chiDM_km_s": [
      75.98253986801839,
      106.99818088402887,
      132.7442551294256,
      155.49034375609935,
      174.93844916912855,
      192.47548671640035,
      207.6333429407894,
      220.87017445255003,
      232.64196438732105,
      243.1645268900145,
      252.56323042170948,
      260.7661072256963,
      268.2735299826511,
      274.6783300883481,
      280.38598751357625,
      285.4501718868443,
      289.95504321268396,
      294.1751960169642,
      297.4360981991441,
      300.7033178741318,
      303.0927075992186,
      305.10616155766604,
      307.0876733723407,
      308.4677199188248,
      309.71675964868246,
      310.98736520868755,
      311.5779571430476,
      311.682303355334,
      311.7994333853118,
      311.62601275139883,
      311.5583022640471,
      310.77822816559234,
      310.2100225966888,
      309.36136490736993,
      308.23704792646754,
      306.7304631779266,
      305.10046018727246,
      303.34178314515066,
      301.9916501706591,
      299.2173894232337,
      297.4396586122775,
      295.1904682273543,
      290.5541228678396,
      288.5785941584841
    ]
  },
  "solar_system": {
    "r_AU": [
      0.1,
      0.10293244793123102,
      0.10595088837115585,
      0.10905784300531671,
      0.11225590746637129,
      0.1155477535025535,
      0.11893613120972304,
      0.12242387132886877,
      0.12601388761098514,
      0.12970917925129724,
      0.13351283339486864,
      0.13742802771568438,
      0.14145803307136456,
      0.14560621623572592,
      0.14987604271147423,
      0.15427107962537775,
      0.1587949987083399,
      0.16345157936286092,
      0.16824471182045161,
      0.17317840039163604,
      0.17825676681125951,
      0.18348405368189566,
      0.18886462801822915,
      0.1944029848953769,
      0.20010375120419274,
      0.20597168951669576,
      0.21201170206484973,
      0.21822883483601802,
      0.22462828178851643,
      0.23121538919078355,
      0.2379956600877964,
      0.24497475889846068,
      0.2521585161478167,
      0.25955293333801627,
      0.2671641879621363,
      0.2749986386650221,
      0.2830628305554681,
      0.2913635006741758,
      0.299907583622058,
      0.308702217353588,
      0.31775474914003754,
      0.3270727417075829,
      0.33666397955540756,
      0.3465364754590801,
      0.35669847716464076,
      0.36715847427898785,
      0.3779252053623214,
      0.38900766522856944,
      0.4004151124598947,
      0.41215707714156125,
      0.4242433688236212,
      0.43668408471607423,
      0.44948961812434596,
      0.46267066713213156,
      0.4762382435388605,
      0.4902036820592467,
      0.5045786497926114,
      0.5193751559698883,
      0.5346055619864551,
      0.5502825917291729,
      0.5664193422062594,
      0.5830292944888792,
      0.6001263249735893,
      0.61772471697505,
      0.6358391726586875,
      0.6544848253232737,
      0.6736772520436869,
      0.6934324866844161,
      0.7137670332946771,
      0.7346978798963358,
      0.756242512676154,
      0.7784189305942154,
      0.8012456604207363,
      0.8247417722138224,
      0.8489268952511047,
      0.8738212344285594,
      0.899445587140217,
      0.9258213606528592,
      0.9529705899902188,
      0.9809159563416271,
      1.009680806010482,
      1.0392891699183733,
      1.0697657836811523,
      1.1011361082737279,
      1.1334263513008387,
      1.166663488891587,
      1.2008752882360163,
      1.2360903307825577,
      1.2723380361157377,
      1.3096486865340793,
      1.3480534523487417,
      1.387584417924031,
      1.4282746084815279,
      1.4701580176902427,
      1.5132696360658275,
      1.5576454802025865,
      1.603322622862701,
      1.650339223947797,
      1.6987345623787484,
      1.7485490689103307,
      1.7998243599081505,
      1.8526032721160695,
      1.9069298984431546,
      1.9628496248000775,
      2.0204091680157035,
      2.079656614865581,
      2.140641462244916,
      2.2034146585195904,
      2.2680286460897894,
      2.334537405201777,
      2.40299649904443,
      2.473463120168213,
      2.545996138265347,
      2.6206561493511313,
      2.6975055263874577,
      2.7766084713908485,
      2.8580310690685353,
      2.9418413420273746,
      3.028109307601756,
      3.116907036347938,
      3.208308712253716,
      3.3023906947137056,
      3.3992315823220025,
      3.498912278535556,
      3.601516059263061,
      3.7071286424358725,
      3.815838259619057,
      3.9277357297223765,
      4.042914534872843,
      4.16147089851216,
      4.28350386578436,
      4.409115386280755,
      4.538410399211332,
      4.671496921073779,
      4.80848613589333,
      4.949492488108862,
      5.094633778182846,
      5.244031261014965,
      5.397809747241707,
      5.556097707506484,
      5.7190273797874305,
      5.886734879872543,
      6.059360315074419,
      6.237047901279654,
      6.419946083430618,
      6.608207659540324,
      6.801989908343966,
      7.001454720693739,
      7.206768734806801,
      7.418103475479247,
      7.6356354973825145,
      7.8595465325618505,
      8.090023642260098,
      8.327259373193655,
      8.571451918411116,
      8.822805282869021,
      9.081529453863057,
      9.347840576456997,
      9.621961134056086,
      9.90412013427557,
      10.194553300259765,
      10.493503267611473,
      10.801219787096214,
